time;vname;pose;bp0;bp1;bp2;bp3;bp4;bp5;bp6;bp7;bp8;bp9;bp10;bp11;bp12;bp13;bp14;bp15;bp16;bp17;bp18;bp19;bp20;bp21;bp22;bp23;bp24;bp25;bp26;bp27;bp28;bp29;bp30;bp31;bp32
0.0;videos/cuts_test/50wtf1.mp4;walk;(649.54, 108.7);(656.36, 98.17);(660.15, 98.12);(663.05, 98.36);(643.09, 99.14);(638.78, 99.79);(634.28, 100.41);(670.31, 104.05);(630.27, 105.89);(658.38, 120.4);(641.53, 120.75);(705.17, 175.07);(600.41, 177.77);(716.03, 254.3);(585.99, 259.67);(710.93, 322.57);(592.33, 326.07);(711.06, 349.46);(591.13, 352.09);(703.48, 347.06);(598.97, 348.57);(701.3, 339.38);(601.55, 340.54);(680.64, 328.71);(621.07, 329.36);(682.02, 452.74);(624.17, 448.5);(676.25, 562.94);(633.06, 557.6);(670.46, 580.16);(639.46, 573.7);(691.25, 603.65);(623.25, 587.89)
0.04;videos/cuts_test/50wtf1.mp4;walk;(649.88, 108.71);(656.67, 98.2);(660.42, 98.18);(663.27, 98.41);(643.33, 99.12);(639.03, 99.73);(634.66, 100.3);(670.33, 104.18);(630.36, 105.99);(658.42, 120.62);(641.85, 121.21);(705.26, 175.15);(600.39, 177.35);(716.26, 254.28);(585.89, 259.56);(711.0, 322.6);(592.34, 326.88);(711.57, 349.29);(591.12, 352.14);(704.05, 347.06);(599.16, 348.94);(701.7, 339.65);(602.02, 341.74);(681.09, 328.75);(621.56, 329.36);(681.99, 452.42);(625.07, 449.32);(676.59, 561.25);(633.05, 557.6);(670.28, 575.64);(638.71, 572.36);(690.98, 600.93);(624.48, 587.94)
0.08;videos/cuts_test/50wtf1.mp4;walk;(650.09, 108.72);(656.85, 98.21);(660.58, 98.21);(663.39, 98.43);(643.51, 99.07);(639.22, 99.61);(634.95, 100.12);(670.34, 104.25);(630.44, 106.01);(658.43, 120.77);(642.06, 121.49);(705.28, 175.2);(600.37, 177.08);(716.37, 254.21);(585.71, 259.37);(711.05, 322.61);(592.36, 327.19);(711.88, 349.21);(591.11, 352.14);(704.39, 347.06);(599.25, 349.07);(701.93, 339.86);(602.24, 342.27);(681.29, 328.72);(621.82, 329.28);(681.93, 451.93);(625.55, 449.39);(676.77, 559.76);(633.05, 557.59);(670.18, 572.55);(638.41, 571.47);(688.88, 598.41);(625.04, 588.01)
0.13;videos/cuts_test/50wtf1.mp4;walk;(650.24, 108.71);(656.97, 98.21);(660.69, 98.21);(663.49, 98.43);(643.64, 98.98);(639.37, 99.45);(635.16, 99.9);(670.34, 104.28);(630.5, 106.01);(658.44, 120.84);(642.19, 121.65);(705.29, 175.2);(600.37, 176.79);(716.45, 254.13);(585.6, 259.18);(711.07, 322.61);(592.37, 327.27);(712.05, 349.18);(591.11, 352.11);(704.56, 347.06);(599.34, 349.09);(702.05, 340.05);(602.43, 342.48);(681.37, 328.68);(621.99, 329.19);(681.89, 451.72);(625.74, 449.41);(676.83, 558.94);(633.11, 557.74);(670.1, 571.2);(638.34, 571.35);(687.71, 597.1);(625.52, 588.21)
0.17;videos/cuts_test/50wtf1.mp4;walk;(650.37, 108.68);(657.08, 98.19);(660.79, 98.21);(663.58, 98.43);(643.77, 98.84);(639.5, 99.25);(635.35, 99.66);(670.36, 104.28);(630.57, 106.01);(658.46, 120.85);(642.33, 121.69);(705.3, 175.22);(600.37, 176.57);(716.55, 254.03);(585.57, 258.99);(711.11, 322.62);(592.38, 327.31);(712.17, 349.17);(591.1, 352.06);(704.67, 347.07);(599.38, 349.09);(702.14, 340.2);(602.55, 342.57);(681.41, 328.63);(622.11, 329.12);(681.86, 451.46);(625.78, 449.4);(676.88, 558.18);(633.19, 557.79);(670.08, 569.99);(638.33, 571.29);(686.78, 595.66);(625.53, 588.29)
0.21;videos/cuts_test/50wtf1.mp4;walk;(650.47, 108.6);(657.15, 98.15);(660.86, 98.19);(663.66, 98.4);(643.86, 98.69);(639.59, 99.06);(635.47, 99.45);(670.37, 104.28);(630.61, 106.0);(658.48, 120.85);(642.44, 121.7);(705.33, 175.24);(600.37, 176.4);(716.64, 253.99);(585.55, 258.86);(711.12, 322.66);(592.39, 327.42);(712.17, 349.17);(591.09, 352.05);(704.68, 347.11);(599.41, 349.1);(702.15, 340.41);(602.61, 342.68);(681.4, 328.63);(622.13, 329.09);(681.85, 451.39);(625.78, 449.34);(676.98, 557.71);(633.22, 557.78);(670.08, 569.57);(638.32, 571.19);(686.5, 595.18);(625.51, 588.35)
0.25;videos/cuts_test/50wtf1.mp4;walk;(650.57, 108.55);(657.25, 98.11);(660.95, 98.17);(663.78, 98.39);(643.95, 98.57);(639.68, 98.91);(635.58, 99.28);(670.41, 104.28);(630.65, 105.99);(658.52, 120.85);(642.55, 121.71);(705.36, 175.3);(600.34, 176.33);(716.7, 253.99);(585.53, 258.86);(711.08, 322.81);(592.39, 327.55);(712.13, 349.23);(591.09, 352.05);(704.64, 347.25);(599.48, 349.11);(702.12, 340.76);(602.7, 342.73);(681.39, 328.69);(622.13, 329.1);(681.85, 451.39);(625.81, 449.33);(677.09, 557.34);(633.26, 557.75);(670.08, 569.22);(638.31, 571.08);(686.4, 594.75);(625.49, 588.35)
0.29;videos/cuts_test/50wtf1.mp4;walk;(650.64, 108.51);(657.32, 98.09);(661.02, 98.16);(663.87, 98.38);(644.02, 98.48);(639.74, 98.78);(635.65, 99.15);(670.45, 104.29);(630.68, 105.97);(658.54, 120.85);(642.63, 121.71);(705.37, 175.35);(600.32, 176.3);(716.73, 253.99);(585.53, 258.86);(711.03, 322.99);(592.39, 327.58);(712.07, 349.31);(591.09, 352.04);(704.57, 347.38);(599.54, 349.11);(702.06, 341.04);(602.8, 342.74);(681.39, 328.73);(622.13, 329.1);(681.86, 451.39);(625.86, 449.33);(677.2, 557.33);(633.3, 557.75);(670.08, 569.52);(638.3, 571.08);(686.46, 594.75);(625.48, 588.35)
0.33;videos/cuts_test/50wtf1.mp4;walk;(650.66, 108.46);(657.34, 98.05);(661.05, 98.13);(663.91, 98.36);(644.04, 98.38);(639.76, 98.65);(635.68, 99.01);(670.47, 104.29);(630.7, 105.94);(658.54, 120.85);(642.66, 121.71);(705.4, 175.44);(600.3, 176.27);(716.74, 253.99);(585.54, 258.84);(710.99, 323.19);(592.39, 327.56);(712.03, 349.42);(591.08, 352.0);(704.54, 347.55);(599.57, 349.09);(702.04, 341.32);(602.87, 342.74);(681.38, 328.81);(622.12, 329.1);(681.86, 451.4);(625.89, 449.36);(677.25, 557.28);(633.35, 557.79);(670.08, 569.64);(638.3, 571.09);(686.47, 594.64);(625.49, 588.4)
0.38;videos/cuts_test/50wtf1.mp4;walk;(650.66, 108.38);(657.35, 97.99);(661.06, 98.1);(663.93, 98.32);(644.04, 98.28);(639.77, 98.53);(635.68, 98.89);(670.49, 104.29);(630.7, 105.91);(658.55, 120.83);(642.66, 121.69);(705.42, 175.51);(600.29, 176.21);(716.73, 253.97);(585.58, 258.77);(710.94, 323.38);(592.39, 327.46);(711.97, 349.53);(591.08, 351.96);(704.51, 347.69);(599.59, 349.07);(702.02, 341.52);(602.93, 342.72);(681.38, 328.82);(622.11, 329.07);(681.86, 451.37);(625.91, 449.35);(677.3, 557.17);(633.37, 557.79);(670.09, 569.56);(638.3, 571.1);(686.46, 594.52);(625.41, 588.45)
0.42;videos/cuts_test/50wtf1.mp4;walk;(650.64, 108.25);(657.33, 97.9);(661.06, 98.02);(663.93, 98.25);(644.04, 98.13);(639.77, 98.34);(635.67, 98.69);(670.49, 104.27);(630.7, 105.83);(658.52, 120.76);(642.66, 121.57);(705.42, 175.57);(600.29, 176.13);(716.69, 253.95);(585.65, 258.62);(710.84, 323.57);(592.38, 327.32);(711.9, 349.63);(591.07, 351.91);(704.47, 347.83);(599.6, 349.02);(701.98, 341.72);(602.96, 342.7);(681.36, 328.82);(622.08, 329.02);(681.85, 451.35);(625.92, 449.36);(677.32, 557.1);(633.4, 557.84);(670.09, 569.48);(638.32, 571.14);(686.43, 594.43);(625.4, 588.57)
0.46;videos/cuts_test/50wtf1.mp4;walk;(650.52, 108.14);(657.25, 97.82);(661.04, 97.96);(663.9, 98.19);(643.98, 98.01);(639.74, 98.19);(635.62, 98.53);(670.48, 104.25);(630.71, 105.73);(658.43, 120.71);(642.62, 121.45);(705.41, 175.61);(600.28, 176.06);(716.65, 253.93);(585.7, 258.48);(710.71, 323.7);(592.37, 327.26);(711.78, 349.71);(591.04, 351.91);(704.37, 347.92);(599.61, 349.02);(701.89, 341.85);(602.99, 342.69);(681.31, 328.83);(622.02, 328.99);(681.82, 451.35);(625.92, 449.36);(677.34, 556.93);(633.41, 557.86);(670.1, 569.22);(638.32, 571.14);(686.31, 594.4);(625.41, 588.67)
0.5;videos/cuts_test/50wtf1.mp4;walk;(650.37, 108.02);(657.15, 97.72);(661.01, 97.88);(663.85, 98.12);(643.9, 97.86);(639.68, 97.99);(635.55, 98.31);(670.44, 104.2);(630.7, 105.54);(658.28, 120.65);(642.54, 121.29);(705.35, 175.63);(600.22, 175.95);(716.62, 253.88);(585.72, 258.37);(710.55, 323.76);(592.34, 327.21);(711.61, 349.77);(590.99, 351.9);(704.25, 347.98);(599.62, 349.02);(701.78, 341.92);(603.0, 342.69);(681.21, 328.82);(621.95, 328.96);(681.81, 451.35);(625.89, 449.39);(677.34, 556.82);(633.43, 557.91);(670.11, 569.09);(638.33, 571.16);(686.25, 594.35);(625.43, 588.76)
0.54;videos/cuts_test/50wtf1.mp4;walk;(650.27, 107.88);(657.07, 97.62);(660.98, 97.79);(663.81, 98.05);(643.81, 97.71);(639.61, 97.8);(635.44, 98.09);(670.37, 104.17);(630.68, 105.38);(658.17, 120.61);(642.46, 121.17);(705.2, 175.64);(600.06, 175.94);(716.58, 253.9);(585.72, 258.36);(710.4, 323.86);(592.29, 327.21);(711.44, 349.82);(590.93, 351.91);(704.11, 348.02);(599.62, 349.03);(701.65, 341.98);(603.0, 342.69);(681.12, 328.81);(621.89, 328.91);(681.8, 451.36);(625.89, 449.49);(677.31, 556.64);(633.46, 557.96);(670.1, 568.8);(638.33, 571.17);(685.9, 594.04);(625.58, 588.89)
0.58;videos/cuts_test/50wtf1.mp4;walk;(650.03, 107.84);(656.83, 97.57);(660.87, 97.75);(663.68, 98.02);(643.58, 97.64);(639.42, 97.72);(635.2, 98.01);(670.23, 104.16);(630.62, 105.33);(657.97, 120.6);(642.27, 121.15);(705.02, 175.64);(599.83, 175.94);(716.47, 254.08);(585.66, 258.4);(710.16, 323.98);(592.26, 327.23);(711.25, 349.86);(590.89, 351.93);(703.98, 348.05);(599.63, 349.06);(701.5, 342.03);(603.02, 342.72);(681.03, 328.81);(621.81, 328.91);(681.78, 451.39);(625.9, 449.65);(677.29, 556.54);(633.51, 558.06);(670.08, 568.67);(638.35, 571.21);(685.87, 593.78);(625.67, 589.05)
0.63;videos/cuts_test/50wtf1.mp4;walk;(649.85, 107.82);(656.62, 97.51);(660.76, 97.69);(663.56, 97.96);(643.33, 97.57);(639.17, 97.63);(634.88, 97.93);(670.08, 104.13);(630.49, 105.27);(657.82, 120.6);(642.09, 121.15);(704.86, 175.64);(599.5, 175.95);(716.37, 254.29);(585.53, 258.45);(709.98, 324.1);(592.25, 327.25);(711.12, 349.91);(590.88, 351.96);(703.88, 348.08);(599.65, 349.08);(701.39, 342.09);(603.06, 342.73);(681.01, 328.86);(621.76, 328.95);(681.74, 451.45);(625.92, 449.84);(677.29, 556.41);(633.54, 558.12);(670.05, 568.5);(638.36, 571.23);(685.88, 593.6);(625.77, 589.18)
0.67;videos/cuts_test/50wtf1.mp4;walk;(649.55, 107.79);(656.28, 97.44);(660.55, 97.61);(663.36, 97.89);(642.98, 97.51);(638.79, 97.55);(634.47, 97.87);(669.78, 104.09);(630.32, 105.23);(657.61, 120.6);(641.82, 121.14);(704.49, 175.63);(599.07, 175.94);(716.23, 254.32);(585.31, 258.44);(709.83, 324.16);(592.23, 327.25);(711.0, 349.95);(590.86, 351.97);(703.8, 348.11);(599.66, 349.11);(701.31, 342.13);(603.09, 342.76);(680.92, 328.86);(621.66, 328.95);(681.68, 451.42);(625.93, 449.81);(677.32, 555.62);(633.64, 558.11);(670.08, 567.66);(638.45, 571.24);(685.89, 593.02);(625.81, 589.21)
0.71;videos/cuts_test/50wtf1.mp4;walk;(648.87, 107.81);(655.64, 97.43);(660.11, 97.6);(663.01, 97.88);(642.34, 97.51);(638.12, 97.55);(633.84, 97.87);(669.28, 104.11);(629.99, 105.23);(657.03, 120.71);(641.09, 121.18);(703.95, 175.63);(598.55, 175.95);(716.09, 254.39);(585.05, 258.4);(709.67, 324.38);(592.22, 327.25);(710.91, 350.06);(590.86, 352.01);(703.74, 348.22);(599.68, 349.13);(701.23, 342.27);(603.12, 342.76);(680.77, 328.86);(621.44, 328.95);(681.67, 451.46);(626.09, 449.87);(677.42, 555.63);(633.8, 558.08);(670.1, 567.7);(638.57, 571.22);(686.35, 593.05);(625.92, 589.17)
0.75;videos/cuts_test/50wtf1.mp4;walk;(648.52, 107.81);(655.27, 97.43);(659.83, 97.6);(662.73, 97.88);(641.93, 97.51);(637.68, 97.54);(633.37, 97.87);(668.62, 104.11);(629.52, 105.22);(656.61, 120.76);(640.56, 121.19);(703.26, 175.74);(597.91, 175.97);(716.06, 254.49);(584.98, 258.35);(709.43, 324.66);(592.22, 327.25);(710.79, 350.22);(590.86, 352.04);(703.67, 348.34);(599.74, 349.15);(701.15, 342.39);(603.21, 342.77);(680.49, 328.91);(621.17, 328.97);(681.63, 451.77);(626.43, 450.1);(677.47, 556.15);(634.0, 558.07);(670.09, 568.88);(638.69, 571.22);(687.83, 593.88);(626.2, 589.13)
0.79;videos/cuts_test/50wtf1.mp4;walk;(648.37, 107.87);(655.09, 97.46);(659.67, 97.63);(662.48, 97.93);(641.68, 97.52);(637.38, 97.54);(633.0, 97.88);(668.03, 104.19);(629.01, 105.23);(656.31, 120.98);(640.14, 121.35);(702.3, 175.97);(597.22, 176.02);(715.85, 254.53);(584.77, 258.06);(709.14, 324.71);(592.17, 327.21);(710.54, 350.27);(590.86, 352.04);(703.47, 348.35);(599.77, 349.15);(700.94, 342.39);(603.26, 342.77);(680.44, 329.13);(621.12, 329.14);(681.62, 452.47);(626.69, 450.67);(677.58, 556.79);(634.28, 558.09);(670.1, 569.86);(638.95, 571.25);(689.47, 595.25);(626.64, 589.15)
0.83;videos/cuts_test/50wtf1.mp4;walk;(647.8, 108.27);(654.36, 97.86);(658.99, 98.04);(661.87, 98.39);(641.04, 97.93);(636.58, 97.97);(632.19, 98.32);(666.84, 104.64);(628.15, 105.43);(655.57, 121.44);(639.25, 121.82);(700.83, 176.0);(596.42, 176.27);(714.82, 254.53);(584.13, 258.09);(708.42, 324.74);(592.15, 327.33);(709.98, 350.28);(590.86, 352.17);(702.98, 348.35);(599.83, 349.28);(700.25, 342.39);(603.31, 342.89);(680.38, 329.35);(621.11, 329.53);(681.62, 453.03);(627.29, 451.48);(677.76, 557.52);(634.83, 558.08);(670.2, 570.59);(639.47, 571.22);(690.04, 596.54);(627.38, 589.43)
0.88;videos/cuts_test/50wtf1.mp4;walk;(646.65, 108.78);(653.25, 98.44);(657.89, 98.63);(660.93, 99.01);(640.02, 98.47);(635.43, 98.51);(631.17, 98.83);(665.27, 105.13);(626.9, 105.6);(654.17, 121.92);(637.83, 122.15);(698.76, 176.08);(594.57, 176.62);(713.29, 255.01);(583.66, 258.57);(708.02, 325.06);(592.11, 327.8);(709.81, 350.38);(590.86, 352.45);(702.86, 348.42);(599.84, 349.48);(700.09, 342.47);(603.31, 343.09);(680.39, 329.46);(621.1, 330.22);(681.64, 453.08);(627.69, 451.96);(678.03, 557.51);(635.32, 558.08);(670.55, 570.55);(639.95, 571.22);(689.98, 596.53);(628.22, 589.68)
0.92;videos/cuts_test/50wtf1.mp4;walk;(644.82, 110.12);(651.62, 99.8);(656.36, 99.97);(659.47, 100.24);(638.22, 99.89);(633.42, 100.1);(629.43, 100.27);(663.72, 106.11);(624.98, 106.48);(652.28, 123.19);(635.85, 123.36);(696.88, 176.81);(592.31, 177.47);(712.28, 257.03);(583.14, 259.47);(707.8, 325.59);(592.06, 328.41);(709.78, 350.58);(590.86, 353.05);(702.84, 348.59);(599.84, 349.9);(700.06, 342.66);(603.31, 343.48);(680.32, 329.67);(621.08, 330.95);(681.76, 453.15);(628.15, 452.44);(678.69, 557.65);(635.55, 558.0);(671.4, 570.54);(640.09, 571.01);(689.89, 596.5);(629.37, 589.66)
0.96;videos/cuts_test/50wtf1.mp4;walk;(642.12, 111.64);(649.07, 101.77);(653.81, 101.83);(657.24, 101.95);(635.55, 101.86);(630.6, 102.21);(627.02, 102.24);(661.27, 107.46);(622.44, 108.09);(649.63, 124.45);(632.89, 124.65);(694.19, 177.31);(589.63, 179.32);(710.24, 257.6);(581.58, 260.73);(707.8, 325.66);(591.73, 328.63);(709.96, 350.71);(590.83, 353.37);(702.99, 348.78);(599.78, 349.99);(700.19, 342.79);(603.18, 343.52);(680.32, 329.69);(621.04, 332.0);(681.95, 453.09);(628.76, 453.89);(679.69, 557.59);(636.36, 557.69);(673.0, 570.04);(641.39, 570.27);(689.86, 596.48);(631.54, 589.26)
1.0;videos/cuts_test/50wtf1.mp4;fall;(638.83, 113.28);(645.62, 103.54);(650.1, 103.54);(654.01, 103.62);(632.54, 103.62);(627.71, 104.0);(624.29, 104.1);(657.81, 109.13);(619.46, 109.92);(646.13, 125.64);(629.92, 125.88);(690.47, 178.02);(586.6, 181.07);(707.91, 257.92);(579.14, 262.13);(707.95, 325.74);(591.3, 329.25);(710.98, 350.77);(590.8, 353.71);(703.91, 348.94);(599.78, 350.14);(701.04, 342.94);(603.15, 343.61);(680.32, 329.66);(621.01, 332.71);(682.71, 452.09);(629.88, 454.4);(681.11, 557.39);(637.72, 556.56);(674.65, 569.5);(643.23, 568.92);(690.04, 595.7);(634.18, 587.78)
1.04;videos/cuts_test/50wtf1.mp4;fall;(636.59, 115.79);(643.11, 105.98);(647.26, 106.08);(650.9, 106.28);(630.47, 106.05);(625.78, 106.31);(621.8, 106.58);(653.8, 111.82);(616.39, 112.11);(643.37, 127.38);(627.46, 127.71);(686.24, 180.06);(582.55, 183.8);(706.18, 259.02);(575.87, 264.25);(708.1, 325.92);(590.17, 333.06);(711.97, 350.78);(590.5, 356.44);(705.02, 348.96);(599.5, 352.35);(701.99, 342.96);(602.54, 345.69);(680.0, 331.51);(621.0, 337.2);(685.08, 452.17);(630.75, 456.12);(683.17, 557.39);(638.42, 555.74);(676.23, 569.5);(644.05, 567.9);(693.29, 596.23);(634.82, 587.77)
1.08;videos/cuts_test/50wtf1.mp4;fall;(632.22, 122.64);(638.1, 113.04);(642.09, 113.02);(645.89, 113.17);(625.9, 112.57);(621.69, 112.61);(617.89, 112.84);(648.97, 118.07);(612.22, 117.58);(639.08, 134.05);(623.7, 133.85);(680.76, 183.24);(577.73, 188.44);(704.19, 260.54);(570.59, 267.85);(708.56, 326.44);(589.23, 337.24);(713.92, 350.8);(590.37, 359.94);(706.84, 349.11);(599.22, 355.48);(703.35, 343.03);(601.88, 348.63);(680.01, 336.53);(621.08, 344.17);(689.87, 452.53);(631.63, 458.04);(686.31, 556.03);(638.44, 553.8);(678.72, 568.14);(644.52, 565.54);(698.43, 595.18);(631.36, 586.54)
1.13;videos/cuts_test/50wtf1.mp4;fall;(627.54, 132.42);(632.89, 121.95);(636.82, 122.14);(640.41, 122.5);(620.86, 121.31);(616.49, 121.18);(612.43, 121.2);(642.98, 127.19);(605.89, 125.86);(633.68, 142.94);(618.84, 143.37);(674.36, 190.81);(571.45, 196.69);(701.15, 265.18);(565.96, 275.65);(708.71, 328.33);(587.63, 344.45);(715.6, 351.27);(589.95, 366.1);(708.77, 350.14);(598.33, 361.01);(704.68, 343.96);(600.31, 353.94);(679.83, 342.22);(621.54, 351.88);(697.75, 454.64);(635.93, 463.24);(688.71, 557.35);(640.58, 553.28);(680.92, 570.91);(646.88, 565.41);(706.61, 597.28);(631.29, 585.7)
1.17;videos/cuts_test/50wtf1.mp4;fall;(621.18, 141.51);(627.06, 132.12);(630.8, 132.36);(633.79, 132.76);(614.66, 130.51);(610.25, 129.96);(605.65, 129.75);(635.99, 136.13);(599.17, 134.3);(626.49, 152.41);(611.67, 152.7);(665.69, 199.76);(564.43, 206.02);(696.58, 271.72);(560.55, 286.9);(708.84, 332.41);(585.46, 353.29);(717.51, 353.6);(589.25, 374.57);(711.11, 353.13);(597.1, 369.44);(706.4, 346.5);(598.24, 362.0);(679.59, 348.93);(622.23, 360.5);(707.26, 459.76);(643.67, 470.51);(692.11, 561.44);(641.68, 551.28);(685.12, 575.27);(646.84, 561.73);(716.4, 600.51);(635.56, 583.97)
1.21;videos/cuts_test/50wtf1.mp4;fall;(614.9, 154.3);(620.71, 144.56);(624.0, 144.78);(626.21, 145.18);(608.4, 143.59);(603.68, 143.01);(599.14, 142.32);(628.12, 148.38);(591.52, 145.86);(619.83, 166.49);(605.02, 165.45);(656.5, 209.25);(556.06, 217.59);(691.14, 278.85);(554.07, 301.22);(708.84, 338.79);(582.66, 364.64);(718.51, 358.56);(588.22, 386.89);(712.47, 358.69);(595.53, 381.74);(707.47, 352.39);(595.94, 373.58);(678.78, 355.72);(624.25, 369.24);(713.82, 465.89);(653.66, 477.69);(692.88, 566.49);(646.92, 541.71);(684.18, 581.79);(649.51, 548.41);(720.81, 602.74);(640.42, 580.51)
1.25;videos/cuts_test/50wtf1.mp4;fall;(606.56, 167.79);(612.27, 159.38);(615.17, 159.52);(616.93, 159.62);(600.35, 157.36);(595.27, 156.81);(591.29, 156.41);(617.59, 161.88);(582.5, 159.46);(610.91, 180.19);(597.01, 178.98);(644.93, 221.25);(546.69, 232.4);(682.91, 286.99);(550.04, 315.22);(708.65, 343.3);(581.59, 378.02);(719.1, 361.81);(587.85, 400.49);(713.78, 362.18);(594.84, 396.11);(708.58, 356.41);(594.8, 387.88);(676.87, 361.04);(625.61, 376.95);(723.97, 468.86);(664.94, 481.6);(692.71, 566.22);(662.74, 528.28);(683.4, 581.15);(652.86, 526.57);(718.29, 602.22);(661.49, 568.29)
1.29;videos/cuts_test/50wtf1.mp4;fall;(598.61, 186.49);(602.34, 176.5);(604.62, 176.94);(606.55, 177.4);(592.4, 175.46);(587.78, 174.95);(583.21, 174.05);(606.3, 180.5);(572.34, 176.4);(601.74, 197.3);(589.13, 196.23);(633.47, 235.01);(535.99, 250.65);(673.1, 299.39);(545.26, 331.3);(707.26, 350.9);(579.15, 393.31);(719.21, 367.22);(585.69, 416.44);(714.82, 367.92);(593.91, 411.15);(709.22, 362.94);(593.86, 402.5);(675.54, 369.9);(626.8, 386.94);(734.94, 472.56);(671.39, 492.3);(693.34, 564.47);(678.92, 523.85);(683.5, 577.04);(664.49, 527.23);(721.87, 601.94);(677.02, 563.93)
1.33;videos/cuts_test/50wtf1.mp4;fall;(585.99, 205.58);(589.41, 196.42);(591.85, 196.77);(593.7, 197.22);(579.64, 194.88);(575.4, 194.52);(571.07, 194.11);(593.26, 200.59);(559.95, 197.04);(588.98, 216.68);(576.85, 216.08);(620.94, 250.34);(524.3, 271.47);(663.46, 312.86);(539.17, 352.32);(704.45, 360.61);(578.56, 415.02);(718.95, 374.17);(585.06, 435.61);(715.11, 375.07);(592.99, 430.64);(709.3, 371.31);(593.21, 422.53);(671.6, 375.01);(626.59, 398.51);(740.98, 475.72);(681.09, 503.27);(693.55, 555.69);(691.92, 545.18);(683.34, 563.16);(689.64, 545.71);(719.03, 595.7);(704.53, 576.74)
1.38;videos/cuts_test/50wtf1.mp4;fall;(576.48, 229.59);(578.4, 220.54);(580.31, 221.06);(581.85, 221.63);(569.65, 218.95);(565.51, 218.45);(561.15, 218.04);(578.42, 226.59);(548.55, 221.26);(577.29, 239.9);(566.59, 240.75);(606.14, 271.83);(513.32, 296.34);(655.55, 329.02);(531.93, 376.65);(700.47, 370.92);(575.54, 437.33);(717.93, 382.91);(584.98, 457.4);(714.79, 383.18);(592.76, 452.01);(708.71, 380.11);(592.79, 444.2);(670.11, 387.06);(626.62, 418.03);(752.98, 486.57);(695.56, 534.91);(718.46, 549.26);(697.18, 545.1);(703.97, 548.51);(692.13, 540.03);(733.41, 586.98);(713.48, 572.46)
1.42;videos/cuts_test/50wtf1.mp4;fall;(563.62, 254.4);(564.43, 245.16);(565.89, 245.35);(567.21, 245.67);(556.14, 244.27);(551.76, 243.48);(547.24, 243.05);(561.79, 250.69);(534.11, 247.02);(563.76, 263.76);(554.34, 264.87);(590.82, 295.26);(501.11, 326.3);(645.15, 348.58);(523.45, 406.97);(693.5, 387.16);(572.7, 463.49);(712.63, 398.59);(584.92, 483.16);(711.02, 398.92);(592.28, 478.53);(703.61, 395.81);(591.17, 470.39);(668.33, 406.65);(626.73, 443.07);(758.06, 493.58);(694.7, 546.25);(711.02, 486.8);(687.22, 505.46);(697.49, 474.76);(680.21, 491.82);(721.02, 511.53);(690.93, 516.22)
1.46;videos/cuts_test/50wtf1.mp4;fall;(548.48, 288.39);(549.09, 279.85);(550.72, 279.79);(552.19, 279.72);(540.76, 279.14);(536.39, 278.56);(531.85, 277.96);(546.93, 283.66);(517.64, 280.66);(549.17, 298.15);(539.32, 298.99);(575.03, 322.63);(487.99, 360.73);(632.13, 368.8);(515.2, 437.07);(682.7, 402.55);(571.12, 493.66);(704.62, 411.74);(583.23, 515.39);(703.39, 412.6);(591.72, 508.8);(694.25, 410.7);(589.96, 500.44);(665.89, 427.99);(626.64, 467.38);(762.79, 502.36);(704.06, 570.89);(702.58, 510.1);(682.38, 510.58);(677.47, 502.37);(666.73, 514.62);(694.97, 542.69);(681.83, 540.95)
1.5;videos/cuts_test/50wtf1.mp4;fall;(526.69, 319.52);(528.38, 310.19);(530.78, 310.41);(532.93, 310.66);(518.21, 309.01);(513.43, 308.5);(508.98, 307.96);(530.6, 316.31);(498.14, 313.44);(528.24, 330.24);(517.23, 330.65);(563.08, 354.05);(475.75, 398.79);(620.66, 401.27);(509.51, 470.45);(672.44, 426.82);(570.05, 525.63);(693.04, 436.57);(582.72, 546.99);(693.13, 435.17);(591.41, 540.28);(683.84, 433.28);(589.39, 532.43);(658.48, 451.33);(623.12, 496.37);(754.0, 509.04);(697.96, 593.05);(702.93, 511.91);(679.52, 522.79);(678.28, 520.09);(667.6, 522.32);(703.31, 552.44);(697.61, 538.77)
1.54;videos/cuts_test/50wtf1.mp4;fall;(507.75, 357.48);(511.73, 349.35);(514.53, 349.94);(517.05, 350.41);(499.91, 347.48);(494.57, 346.94);(489.46, 346.62);(515.34, 355.76);(480.24, 353.06);(509.96, 369.83);(495.28, 369.46);(550.17, 390.92);(462.84, 444.74);(613.25, 439.1);(505.61, 519.83);(673.87, 462.12);(570.6, 564.46);(692.15, 471.55);(583.89, 583.52);(691.29, 470.46);(592.19, 574.13);(681.67, 468.57);(589.8, 566.58);(652.39, 477.71);(620.74, 531.68);(747.86, 525.5);(701.69, 608.87);(717.93, 519.27);(693.75, 543.92);(701.67, 520.07);(683.4, 530.5);(728.41, 536.76);(714.04, 544.52)
1.58;videos/cuts_test/50wtf1.mp4;fall;(484.29, 395.43);(487.08, 386.71);(489.9, 387.04);(492.45, 387.36);(475.03, 387.0);(469.82, 387.62);(464.86, 388.27);(491.84, 395.83);(457.06, 397.27);(487.82, 409.09);(473.08, 409.71);(535.35, 428.24);(449.56, 490.12);(605.71, 467.28);(492.41, 565.53);(673.27, 487.08);(564.45, 584.92);(692.54, 495.44);(583.39, 594.87);(691.25, 498.13);(589.15, 584.93);(683.24, 497.07);(583.52, 579.99);(637.03, 502.07);(614.46, 557.45);(722.64, 538.75);(709.25, 608.3);(712.33, 525.36);(690.99, 563.21);(697.8, 525.92);(678.7, 542.0);(726.1, 547.02);(702.52, 547.14)
1.63;videos/cuts_test/50wtf1.mp4;fallen;(460.23, 445.1);(461.38, 435.66);(463.83, 435.56);(465.89, 435.54);(451.18, 436.73);(446.96, 437.41);(442.92, 438.25);(463.37, 443.1);(435.36, 447.22);(464.12, 458.07);(451.46, 459.47);(510.16, 471.39);(434.72, 532.55);(585.03, 501.34);(473.65, 583.36);(645.66, 521.39);(556.12, 578.84);(674.94, 528.61);(578.96, 583.39);(668.86, 532.61);(581.7, 573.99);(660.05, 534.55);(574.2, 570.61);(610.75, 526.87);(592.49, 579.04);(651.77, 533.35);(661.56, 584.1);(711.67, 537.05);(695.29, 581.56);(723.12, 545.07);(704.39, 586.01);(700.02, 543.68);(696.68, 557.54)
1.67;videos/cuts_test/50wtf1.mp4;fallen;(437.77, 479.11);(431.33, 474.39);(431.64, 474.64);(431.74, 474.99);(426.41, 476.05);(423.3, 477.41);(419.97, 478.84);(425.0, 484.92);(411.96, 490.42);(441.72, 489.53);(435.61, 492.38);(476.02, 509.41);(416.87, 547.3);(536.95, 537.43);(469.89, 578.6);(583.0, 534.23);(550.04, 558.71);(601.13, 535.96);(575.44, 562.66);(600.06, 534.76);(578.14, 553.07);(596.08, 534.57);(569.9, 550.37);(599.93, 542.58);(585.44, 577.15);(672.01, 529.16);(668.33, 575.98);(733.31, 534.89);(716.25, 570.77);(744.76, 542.69);(715.82, 568.82);(764.84, 521.8);(758.07, 540.85)
1.71;videos/cuts_test/50wtf1.mp4;fallen;(406.2, 500.22);(398.39, 495.65);(399.05, 495.24);(399.77, 494.8);(394.28, 498.45);(392.11, 500.16);(390.0, 501.94);(398.69, 502.29);(386.87, 514.11);(413.5, 506.59);(409.52, 510.81);(454.84, 518.62);(414.18, 558.63);(517.07, 544.64);(478.63, 583.46);(565.54, 538.72);(542.77, 542.5);(585.17, 535.59);(568.2, 544.53);(581.74, 533.02);(566.5, 536.26);(573.73, 536.48);(558.74, 533.91);(586.1, 539.29);(577.99, 572.69);(650.85, 515.21);(650.22, 528.86);(753.35, 506.14);(707.42, 565.41);(771.73, 515.73);(710.6, 572.0);(786.93, 477.46);(756.15, 538.61)
1.75;videos/cuts_test/50wtf1.mp4;fallen;(388.86, 503.4);(378.84, 502.3);(379.11, 501.43);(379.38, 500.71);(376.94, 507.58);(375.81, 510.89);(374.59, 514.8);(379.63, 510.37);(373.91, 530.38);(398.79, 506.84);(397.21, 513.37);(442.17, 510.15);(409.02, 563.14);(510.23, 540.42);(478.31, 578.34);(556.94, 541.44);(528.83, 531.61);(580.88, 541.3);(548.03, 523.51);(579.18, 542.18);(543.88, 514.64);(571.79, 544.41);(537.48, 521.87);(569.48, 532.3);(563.8, 569.39);(627.0, 485.06);(620.38, 517.84);(761.95, 471.59);(736.52, 562.31);(782.36, 479.53);(749.33, 568.1);(788.01, 423.41);(790.39, 527.07)
1.79;videos/cuts_test/50wtf1.mp4;fallen;(383.11, 505.3);(372.15, 506.76);(372.07, 506.17);(371.85, 505.7);(371.2, 511.83);(370.6, 515.19);(369.86, 519.37);(372.3, 516.2);(370.92, 535.19);(392.97, 507.56);(392.57, 513.95);(432.19, 507.97);(409.77, 565.03);(496.5, 536.5);(477.84, 575.38);(530.79, 538.82);(516.08, 519.53);(554.57, 536.35);(531.67, 497.41);(542.43, 540.5);(523.92, 489.12);(538.73, 544.93);(518.77, 495.25);(564.83, 526.18);(562.21, 565.78);(618.61, 470.05);(618.57, 515.99);(756.53, 453.09);(745.73, 553.61);(781.82, 462.02);(761.77, 565.17);(785.59, 408.13);(805.24, 526.62)
1.84;videos/cuts_test/50wtf1.mp4;fallen;(379.41, 506.51);(368.74, 508.39);(368.36, 507.77);(367.89, 507.29);(368.54, 514.37);(368.13, 517.8);(367.78, 522.62);(368.7, 517.34);(370.65, 538.33);(389.38, 507.52);(390.02, 514.46);(428.52, 504.79);(411.68, 565.26);(490.99, 524.72);(477.55, 571.6);(525.38, 530.18);(505.69, 502.96);(540.7, 529.67);(518.81, 481.85);(532.57, 533.47);(512.79, 475.76);(526.97, 535.15);(508.39, 482.41);(564.83, 521.43);(563.57, 562.91);(620.13, 459.28);(608.05, 509.97);(761.6, 437.43);(748.15, 549.9);(789.44, 445.09);(767.58, 564.08);(778.44, 392.15);(799.56, 529.99)
1.88;videos/cuts_test/50wtf1.mp4;fallen;(376.44, 507.35);(366.02, 509.76);(365.67, 509.25);(365.22, 508.93);(366.04, 515.64);(365.84, 518.98);(365.76, 523.55);(367.0, 519.64);(369.69, 538.94);(386.18, 507.83);(386.86, 514.75);(428.17, 506.3);(411.98, 563.85);(487.96, 518.49);(475.12, 572.39);(509.13, 515.87);(496.37, 498.24);(528.66, 507.6);(505.18, 477.64);(521.29, 513.86);(498.62, 473.18);(517.07, 522.95);(494.51, 480.7);(559.44, 518.67);(559.17, 558.69);(625.08, 452.73);(599.81, 509.21);(762.1, 426.19);(741.25, 549.35);(790.03, 431.26);(762.56, 563.28);(770.65, 374.92);(786.72, 532.9)
1.92;videos/cuts_test/50wtf1.mp4;fallen;(376.17, 510.01);(365.9, 512.89);(365.44, 512.35);(364.81, 512.01);(366.16, 518.39);(366.08, 521.65);(366.15, 526.08);(366.48, 522.03);(370.12, 541.19);(386.41, 509.93);(387.77, 517.05);(428.89, 512.3);(411.15, 561.34);(489.69, 523.14);(472.3, 574.83);(503.03, 510.55);(491.14, 496.24);(517.46, 492.31);(498.21, 476.62);(509.74, 495.53);(491.62, 471.44);(503.44, 511.58);(488.85, 478.57);(565.92, 517.52);(563.77, 553.87);(633.77, 452.26);(589.61, 505.11);(763.25, 423.04);(735.27, 551.21);(794.41, 427.01);(748.67, 563.13);(770.78, 370.41);(775.51, 542.77)
1.96;videos/cuts_test/50wtf1.mp4;fallen;(376.21, 511.25);(365.58, 515.45);(365.17, 515.35);(364.57, 515.41);(365.94, 519.85);(365.96, 522.78);(366.01, 526.44);(366.89, 526.01);(370.46, 541.28);(385.95, 511.51);(386.57, 517.58);(429.15, 521.89);(409.21, 559.67);(493.82, 531.5);(470.75, 577.36);(505.57, 512.58);(484.09, 496.57);(518.38, 490.36);(489.13, 477.05);(502.05, 493.49);(482.21, 471.75);(501.19, 508.12);(480.4, 478.7);(565.24, 518.62);(561.84, 551.5);(640.51, 453.3);(597.89, 511.04);(775.17, 424.95);(726.9, 566.44);(806.5, 431.13);(743.61, 581.62);(777.3, 373.97);(758.12, 544.81)
2.0;videos/cuts_test/50wtf1.mp4;fallen;(380.0, 510.07);(370.37, 514.27);(370.05, 514.33);(369.49, 514.6);(370.02, 517.64);(369.7, 520.16);(369.28, 523.48);(370.56, 527.14);(372.46, 537.89);(390.82, 511.72);(391.11, 517.06);(429.95, 527.58);(410.07, 557.87);(487.38, 543.46);(468.45, 577.72);(492.37, 510.28);(480.11, 495.91);(495.86, 488.76);(484.17, 476.55);(489.63, 487.01);(476.62, 471.52);(483.48, 493.65);(474.62, 478.14);(572.18, 520.22);(562.27, 549.95);(649.71, 455.08);(664.29, 575.36);(786.97, 432.66);(625.47, 568.74);(813.36, 439.09);(619.32, 576.95);(789.97, 383.65);(619.04, 547.42)
2.04;videos/cuts_test/50wtf1.mp4;fallen;(382.1, 510.06);(372.66, 513.9);(372.26, 513.97);(371.67, 514.23);(372.45, 517.59);(372.14, 519.9);(371.82, 522.89);(373.09, 526.54);(375.14, 536.63);(393.24, 511.43);(393.34, 516.82);(431.78, 528.55);(410.62, 556.09);(490.31, 542.96);(466.6, 574.59);(508.3, 507.63);(478.54, 495.71);(506.94, 489.61);(482.71, 476.91);(496.07, 487.5);(474.79, 472.58);(494.62, 494.34);(473.15, 478.61);(575.37, 523.32);(565.81, 552.43);(668.2, 458.93);(624.5, 584.63);(801.67, 440.33);(598.84, 577.72);(825.32, 443.19);(604.3, 578.86);(807.65, 401.67);(577.05, 568.86)
2.09;videos/cuts_test/50wtf1.mp4;fallen;(384.21, 509.76);(374.98, 513.67);(374.53, 513.66);(373.88, 513.84);(375.05, 517.33);(374.86, 519.69);(374.76, 522.66);(374.88, 525.19);(377.65, 535.86);(395.28, 510.62);(395.75, 516.06);(430.49, 528.2);(411.37, 554.71);(489.07, 545.35);(465.96, 571.37);(519.48, 517.69);(479.21, 496.99);(517.64, 507.03);(482.96, 479.49);(509.65, 504.77);(476.15, 475.23);(503.2, 510.48);(474.66, 480.83);(575.89, 526.87);(567.23, 559.91);(679.1, 479.86);(610.74, 599.44);(814.07, 477.05);(582.54, 595.32);(840.8, 488.47);(592.3, 595.39);(826.69, 422.68);(555.0, 584.84)
2.13;videos/cuts_test/50wtf1.mp4;fallen;(386.83, 508.75);(376.71, 512.59);(376.29, 512.66);(375.77, 512.91);(376.64, 516.1);(376.3, 518.64);(376.11, 521.62);(376.28, 524.58);(378.49, 535.39);(397.87, 510.12);(397.85, 515.3);(430.25, 529.31);(410.33, 553.8);(495.84, 548.55);(467.44, 571.28);(538.66, 532.34);(482.94, 498.9);(550.73, 525.65);(487.03, 481.67);(547.5, 522.12);(480.69, 476.37);(539.54, 526.14);(479.15, 481.11);(577.38, 532.59);(568.11, 559.96);(694.15, 504.68);(583.4, 587.3);(830.63, 515.48);(585.58, 634.05);(851.84, 527.07);(594.63, 645.28);(847.04, 461.31);(568.83, 639.63)
2.17;videos/cuts_test/50wtf1.mp4;fallen;(389.61, 509.9);(379.96, 512.87);(379.69, 512.66);(379.29, 512.61);(379.63, 517.0);(379.28, 519.69);(378.95, 522.63);(380.13, 523.13);(380.88, 535.73);(400.09, 510.92);(399.76, 516.28);(434.92, 526.69);(411.79, 552.51);(497.09, 547.87);(467.92, 572.02);(557.86, 537.7);(488.12, 507.55);(575.52, 533.35);(493.98, 492.26);(573.91, 530.08);(487.31, 487.7);(566.34, 534.01);(485.11, 492.08);(580.79, 534.46);(565.67, 560.67);(701.74, 528.07);(564.81, 581.77);(842.13, 551.26);(574.75, 620.26);(856.37, 566.68);(585.97, 631.17);(860.71, 517.58);(558.69, 620.6)
2.21;videos/cuts_test/50wtf1.mp4;fallen;(391.5, 512.17);(382.25, 514.5);(382.07, 514.06);(381.73, 513.77);(381.58, 519.22);(381.05, 522.16);(380.56, 525.88);(382.51, 524.01);(382.37, 538.3);(401.66, 512.94);(400.99, 518.93);(435.46, 528.93);(412.6, 552.56);(499.54, 548.88);(466.77, 573.48);(555.83, 540.9);(491.5, 523.81);(573.42, 537.78);(505.89, 517.19);(571.29, 535.58);(498.07, 510.07);(564.3, 539.01);(493.48, 510.89);(581.94, 536.88);(566.55, 559.89);(708.2, 552.5);(561.38, 575.72);(848.07, 586.82);(584.81, 604.52);(864.69, 602.02);(599.61, 630.02);(870.54, 551.53);(572.35, 580.12)
2.25;videos/cuts_test/50wtf1.mp4;fallen;(392.08, 511.65);(383.08, 514.44);(382.96, 514.09);(382.69, 513.85);(381.75, 519.22);(381.3, 522.35);(381.03, 526.22);(383.27, 524.33);(382.69, 538.93);(402.0, 512.38);(401.92, 518.34);(437.22, 526.84);(416.58, 552.91);(500.42, 544.88);(466.29, 576.11);(558.83, 544.32);(501.5, 548.28);(576.14, 544.34);(516.7, 542.59);(575.21, 542.18);(510.31, 535.69);(568.37, 544.44);(505.96, 535.49);(584.92, 534.39);(569.74, 558.52);(716.83, 558.79);(559.21, 572.35);(849.82, 585.63);(557.37, 597.77);(868.86, 598.66);(569.21, 614.25);(870.79, 557.01);(532.64, 580.58)
2.29;videos/cuts_test/50wtf1.mp4;fallen;(392.59, 510.79);(383.66, 513.63);(383.57, 513.32);(383.32, 513.12);(381.91, 518.28);(381.61, 521.32);(381.62, 525.18);(383.62, 523.62);(383.48, 538.11);(402.64, 511.64);(402.89, 517.61);(438.91, 526.02);(419.57, 552.81);(506.86, 542.23);(466.18, 578.33);(564.76, 544.49);(508.1, 576.85);(588.4, 549.18);(528.24, 582.37);(586.42, 546.01);(524.75, 572.59);(578.24, 547.48);(519.02, 567.31);(591.5, 533.17);(575.01, 558.11);(717.04, 553.85);(568.29, 576.73);(848.37, 578.22);(563.47, 607.08);(865.81, 593.33);(576.4, 618.8);(874.58, 551.33);(532.3, 602.89)
2.34;videos/cuts_test/50wtf1.mp4;fallen;(393.36, 509.96);(384.35, 512.94);(384.24, 512.65);(383.98, 512.49);(383.16, 517.64);(382.99, 520.76);(383.02, 524.54);(384.63, 523.29);(384.74, 537.78);(403.96, 510.83);(404.2, 516.68);(440.7, 526.71);(421.99, 552.18);(507.82, 541.23);(466.24, 579.97);(571.24, 546.42);(522.44, 599.4);(592.59, 549.9);(537.28, 610.08);(589.85, 546.69);(536.13, 605.05);(581.39, 547.8);(533.04, 599.32);(595.88, 534.46);(575.41, 555.6);(719.03, 550.42);(575.61, 575.3);(850.31, 579.36);(562.98, 604.16);(868.42, 596.63);(575.95, 614.84);(882.3, 547.15);(523.73, 598.51)
2.38;videos/cuts_test/50wtf1.mp4;fallen;(394.08, 509.74);(384.8, 512.74);(384.67, 512.56);(384.44, 512.52);(384.07, 517.22);(384.11, 520.21);(384.24, 523.9);(385.6, 523.5);(385.92, 537.21);(404.72, 510.91);(404.93, 516.45);(442.15, 526.88);(423.95, 551.86);(512.54, 540.98);(466.59, 580.34);(572.48, 546.05);(522.44, 597.08);(592.77, 548.96);(538.29, 607.33);(591.0, 545.6);(536.75, 601.21);(582.65, 546.52);(532.9, 595.86);(596.93, 534.9);(576.86, 551.15);(721.8, 553.41);(578.39, 574.53);(851.46, 580.48);(563.18, 600.87);(867.97, 596.89);(569.81, 610.97);(887.34, 548.06);(536.44, 595.25)
2.42;videos/cuts_test/50wtf1.mp4;fallen;(394.57, 510.09);(385.26, 513.22);(385.14, 513.04);(384.92, 513.01);(384.6, 517.56);(384.53, 520.57);(384.55, 524.33);(386.1, 524.24);(386.16, 537.87);(405.11, 511.47);(405.15, 516.94);(443.38, 526.68);(424.68, 552.69);(511.88, 540.71);(466.96, 581.98);(568.78, 548.11);(519.68, 586.29);(587.89, 551.58);(535.38, 590.53);(585.47, 548.38);(531.98, 582.13);(577.71, 548.87);(527.68, 577.97);(598.88, 533.9);(581.24, 549.93);(725.4, 555.24);(578.82, 571.67);(855.98, 582.84);(571.53, 597.92);(871.64, 599.73);(578.99, 609.06);(891.79, 546.52);(547.04, 593.29)
2.46;videos/cuts_test/50wtf1.mp4;fallen;(394.9, 510.44);(385.45, 513.44);(385.32, 513.18);(385.1, 513.09);(384.85, 518.05);(384.69, 521.19);(384.58, 525.17);(386.33, 524.34);(386.01, 538.82);(405.4, 511.92);(405.26, 517.62);(442.01, 529.08);(424.57, 553.36);(508.45, 540.78);(465.84, 581.87);(567.13, 551.57);(517.68, 580.27);(585.99, 553.78);(532.76, 582.31);(585.18, 550.96);(528.98, 573.71);(577.42, 551.89);(524.56, 570.53);(597.72, 533.28);(580.58, 547.92);(722.76, 553.94);(580.51, 569.54);(856.83, 580.95);(569.27, 586.97);(873.84, 599.29);(572.99, 595.03);(894.53, 541.43);(552.03, 581.08)
2.5;videos/cuts_test/50wtf1.mp4;fallen;(395.13, 510.58);(385.64, 513.43);(385.5, 513.11);(385.26, 512.96);(385.07, 518.26);(384.87, 521.31);(384.69, 525.26);(386.44, 524.21);(386.07, 538.7);(405.58, 511.85);(405.38, 517.81);(440.54, 530.06);(424.12, 553.54);(506.1, 540.52);(465.83, 581.21);(565.96, 548.1);(516.39, 574.02);(584.71, 549.21);(532.2, 574.22);(583.9, 546.59);(528.02, 565.53);(576.25, 548.02);(523.52, 562.78);(597.2, 532.91);(583.42, 547.98);(722.24, 552.48);(599.08, 565.71);(854.93, 578.81);(575.48, 584.17);(872.37, 595.75);(578.96, 592.01);(894.91, 543.38);(559.18, 580.08)
2.54;videos/cuts_test/50wtf1.mp4;fallen;(395.26, 510.66);(385.74, 513.52);(385.59, 513.23);(385.32, 513.11);(385.2, 518.29);(384.96, 521.21);(384.73, 525.04);(386.45, 524.38);(386.03, 538.34);(405.75, 511.91);(405.46, 517.84);(439.14, 531.08);(423.51, 553.64);(503.86, 540.6);(465.73, 580.91);(565.73, 546.59);(515.76, 571.68);(584.4, 547.19);(531.36, 571.33);(584.51, 544.93);(527.28, 562.85);(576.91, 546.54);(522.76, 560.15);(597.15, 532.7);(582.95, 546.57);(720.55, 551.48);(600.92, 553.96);(852.91, 578.64);(578.33, 578.25);(870.84, 595.62);(583.3, 588.66);(893.07, 545.44);(559.85, 571.59)
2.59;videos/cuts_test/50wtf1.mp4;fallen;(394.63, 511.43);(384.7, 514.17);(384.51, 513.77);(384.2, 513.54);(384.37, 519.18);(384.17, 522.11);(383.96, 526.01);(385.42, 524.35);(385.3, 538.75);(405.4, 512.24);(404.98, 518.29);(438.17, 530.82);(423.09, 553.94);(503.35, 540.45);(465.87, 581.36);(566.74, 545.78);(515.19, 571.98);(583.76, 545.94);(532.27, 571.04);(583.71, 543.67);(527.48, 562.29);(576.12, 545.88);(522.78, 559.59);(596.65, 532.64);(582.97, 546.12);(720.74, 551.05);(599.2, 553.69);(851.28, 577.18);(594.76, 579.2);(870.52, 594.93);(583.56, 585.36);(892.69, 544.82);(564.57, 568.33)
2.63;videos/cuts_test/50wtf1.mp4;fallen;(394.3, 511.77);(384.14, 514.46);(383.92, 513.99);(383.58, 513.69);(384.0, 519.62);(383.85, 522.61);(383.68, 526.6);(384.89, 524.28);(385.06, 539.11);(405.24, 512.36);(404.84, 518.53);(437.85, 530.89);(422.97, 554.07);(503.57, 540.45);(466.08, 581.92);(569.01, 546.03);(516.49, 573.91);(583.94, 545.25);(535.74, 575.74);(583.71, 542.89);(530.94, 566.24);(579.12, 545.14);(525.8, 562.67);(596.39, 532.42);(582.76, 546.1);(722.29, 551.61);(590.22, 554.27);(851.54, 577.66);(599.72, 578.33);(871.68, 595.27);(589.36, 582.08);(893.7, 542.74);(570.89, 561.99)
2.67;videos/cuts_test/50wtf1.mp4;fallen;(394.15, 511.64);(384.01, 514.42);(383.77, 513.97);(383.41, 513.68);(383.94, 519.57);(383.81, 522.55);(383.65, 526.52);(384.72, 524.18);(385.02, 539.14);(405.18, 512.23);(404.81, 518.38);(437.82, 530.44);(422.79, 554.08);(505.01, 540.09);(468.02, 582.42);(568.81, 545.81);(524.18, 579.77);(585.38, 544.83);(541.77, 581.34);(584.09, 542.41);(536.19, 571.79);(578.28, 544.52);(531.11, 568.29);(596.16, 532.64);(582.56, 546.62);(722.2, 552.54);(583.69, 553.14);(852.02, 578.05);(598.2, 578.02);(872.67, 595.42);(597.81, 583.84);(894.45, 542.09);(578.2, 564.02)
2.71;videos/cuts_test/50wtf1.mp4;fallen;(394.2, 511.48);(384.09, 514.2);(383.85, 513.76);(383.49, 513.48);(383.98, 519.3);(383.83, 522.26);(383.68, 526.26);(384.8, 524.01);(385.04, 538.9);(405.29, 512.16);(404.92, 518.31);(437.9, 529.71);(422.62, 553.95);(507.03, 536.87);(468.79, 582.35);(568.44, 542.18);(529.38, 585.78);(586.04, 543.24);(544.58, 593.82);(584.44, 541.56);(543.25, 586.6);(577.86, 543.78);(539.85, 580.99);(595.99, 533.21);(580.39, 548.28);(721.9, 552.5);(580.66, 552.67);(852.66, 578.82);(593.71, 578.47);(872.95, 596.16);(596.89, 584.42);(894.63, 542.31);(578.08, 565.34)
2.75;videos/cuts_test/50wtf1.mp4;fallen;(394.25, 511.42);(384.16, 514.03);(383.93, 513.6);(383.58, 513.34);(384.0, 519.1);(383.89, 522.06);(383.78, 526.04);(384.88, 523.88);(385.23, 538.7);(405.35, 511.85);(405.07, 518.04);(438.04, 529.5);(422.56, 553.53);(507.64, 536.9);(469.18, 581.9);(567.94, 540.38);(529.17, 588.22);(584.91, 542.18);(544.19, 598.13);(584.59, 541.39);(543.98, 591.64);(577.63, 543.51);(540.72, 585.74);(595.48, 533.25);(576.8, 549.24);(721.6, 552.12);(579.84, 553.09);(852.98, 578.66);(593.63, 578.83);(873.09, 596.05);(596.86, 584.74);(895.29, 542.7);(583.99, 568.6)
2.79;videos/cuts_test/50wtf1.mp4;fallen;(394.3, 511.34);(384.23, 513.91);(384.01, 513.49);(383.66, 513.23);(384.04, 518.94);(383.91, 521.89);(383.82, 525.85);(384.95, 523.8);(385.37, 538.55);(405.39, 511.6);(405.12, 517.88);(438.25, 529.15);(422.38, 553.22);(508.74, 537.07);(469.0, 581.8);(567.71, 539.15);(528.06, 588.04);(585.8, 541.03);(543.73, 598.08);(585.17, 540.58);(543.75, 590.77);(577.75, 542.59);(540.26, 584.59);(595.45, 533.48);(575.73, 549.72);(721.4, 552.13);(579.95, 553.24);(853.62, 578.67);(591.0, 579.09);(873.51, 596.76);(594.99, 585.11);(896.23, 542.72);(583.01, 569.05)
2.84;videos/cuts_test/50wtf1.mp4;fallen;(394.33, 511.27);(384.27, 513.83);(384.05, 513.41);(383.7, 513.15);(384.07, 518.88);(383.96, 521.84);(383.89, 525.82);(384.97, 523.72);(385.43, 538.45);(405.43, 511.53);(405.19, 517.74);(438.27, 528.96);(422.14, 553.14);(508.9, 537.08);(469.01, 581.63);(566.98, 539.1);(528.82, 586.44);(586.03, 541.01);(545.03, 595.18);(585.1, 540.46);(544.62, 587.32);(577.58, 542.47);(540.57, 581.71);(595.37, 533.43);(575.55, 549.86);(721.39, 551.98);(580.14, 553.05);(854.14, 578.62);(590.8, 579.18);(874.08, 597.11);(595.0, 586.28);(896.95, 542.93);(583.16, 571.24)
2.88;videos/cuts_test/50wtf1.mp4;fallen;(394.37, 511.21);(384.3, 513.77);(384.08, 513.34);(383.73, 513.08);(384.09, 518.85);(383.98, 521.8);(383.92, 525.69);(385.01, 523.67);(385.45, 538.42);(405.45, 511.48);(405.21, 517.64);(438.51, 528.55);(421.45, 553.09);(509.25, 536.69);(468.81, 581.7);(566.87, 538.9);(528.37, 586.08);(585.96, 540.75);(545.48, 594.16);(585.73, 540.35);(544.91, 585.62);(577.6, 542.29);(540.43, 580.17);(595.3, 533.38);(574.2, 550.73);(721.74, 551.93);(577.47, 552.82);(854.27, 578.52);(591.92, 580.75);(873.85, 597.47);(598.19, 590.09);(897.05, 542.48);(586.37, 573.77)
2.92;videos/cuts_test/50wtf1.mp4;fallen;(394.4, 510.98);(384.35, 513.71);(384.13, 513.33);(383.78, 513.04);(384.15, 518.65);(384.04, 521.55);(383.96, 525.28);(385.04, 523.66);(385.49, 538.31);(405.48, 511.44);(405.24, 517.46);(438.62, 528.37);(421.1, 553.08);(509.24, 536.65);(468.59, 581.86);(566.56, 538.78);(528.17, 586.0);(585.76, 540.64);(545.97, 593.62);(584.74, 540.28);(545.27, 584.85);(577.52, 542.19);(540.47, 579.47);(595.35, 533.34);(573.87, 551.15);(722.08, 551.88);(576.34, 552.55);(854.31, 578.35);(594.63, 584.85);(873.73, 597.22);(602.37, 595.7);(896.47, 542.65);(590.17, 579.99)
2.96;videos/cuts_test/50wtf1.mp4;fallen;(394.42, 510.69);(384.39, 513.62);(384.17, 513.3);(383.82, 513.0);(384.2, 518.32);(384.08, 521.15);(383.98, 524.66);(385.08, 523.7);(385.48, 538.0);(405.52, 511.41);(405.23, 517.22);(438.71, 528.26);(420.87, 553.05);(509.19, 536.66);(468.56, 581.91);(565.87, 538.78);(527.85, 586.23);(585.05, 540.66);(545.73, 594.17);(583.53, 540.21);(544.94, 585.39);(577.28, 542.09);(540.14, 579.87);(595.31, 533.31);(573.44, 551.17);(722.17, 551.89);(576.87, 552.55);(854.19, 578.26);(596.18, 587.67);(873.51, 597.29);(603.73, 598.92);(896.17, 542.94);(591.81, 584.71)
3.0;videos/cuts_test/50wtf1.mp4;fallen;(394.43, 510.46);(384.41, 513.52);(384.2, 513.25);(383.85, 512.99);(384.24, 518.09);(384.12, 520.88);(384.0, 524.27);(385.12, 523.68);(385.47, 537.8);(405.53, 511.34);(405.22, 517.02);(438.75, 528.23);(420.62, 553.03);(509.3, 534.97);(468.56, 581.82);(565.83, 537.84);(527.94, 586.63);(584.85, 540.53);(545.7, 595.3);(583.27, 539.21);(545.35, 587.54);(577.25, 541.82);(540.88, 581.63);(595.28, 533.23);(572.59, 551.18);(722.34, 551.84);(577.36, 552.62);(854.05, 578.19);(597.16, 587.41);(873.34, 597.5);(604.64, 598.45);(895.93, 543.14);(592.91, 583.95)
3.04;videos/cuts_test/50wtf1.mp4;fallen;(394.44, 510.28);(384.42, 513.43);(384.21, 513.2);(383.86, 512.98);(384.25, 517.9);(384.13, 520.66);(384.01, 523.98);(385.16, 523.68);(385.49, 537.65);(405.55, 511.29);(405.23, 516.86);(438.8, 528.21);(420.5, 553.02);(509.29, 534.46);(468.63, 581.79);(565.5, 537.38);(528.32, 587.27);(584.23, 540.51);(545.89, 596.56);(582.91, 538.82);(545.93, 589.33);(580.79, 542.3);(541.68, 583.3);(595.21, 533.18);(571.84, 551.18);(722.48, 551.79);(577.7, 552.64);(853.95, 578.12);(598.74, 587.2);(873.21, 597.61);(605.78, 598.08);(895.74, 543.42);(596.1, 583.9)
3.09;videos/cuts_test/50wtf1.mp4;fallen;(394.45, 510.14);(384.44, 513.34);(384.22, 513.13);(383.88, 512.94);(384.28, 517.75);(384.15, 520.48);(384.03, 523.76);(385.17, 523.66);(385.49, 537.51);(405.57, 511.22);(405.23, 516.74);(438.85, 528.1);(420.34, 553.0);(509.38, 534.3);(468.65, 581.76);(565.47, 537.06);(528.17, 587.77);(584.06, 540.41);(545.76, 597.29);(582.83, 538.41);(545.85, 589.93);(582.99, 542.48);(541.63, 583.86);(595.16, 533.16);(571.32, 551.2);(722.57, 551.75);(577.86, 552.65);(853.91, 578.05);(599.91, 587.62);(873.13, 597.66);(606.83, 598.52);(895.65, 543.53);(597.94, 585.42)
3.13;videos/cuts_test/50wtf1.mp4;fallen;(394.37, 510.07);(384.37, 513.29);(384.17, 513.08);(383.85, 512.9);(384.22, 517.71);(384.09, 520.45);(383.95, 523.72);(385.21, 523.65);(385.45, 537.47);(405.57, 511.16);(405.22, 516.71);(439.03, 528.05);(420.41, 552.99);(509.35, 533.56);(468.65, 581.72);(565.26, 536.95);(528.07, 587.8);(583.59, 540.12);(545.68, 597.3);(582.39, 538.36);(545.84, 589.85);(580.84, 541.5);(541.7, 583.8);(594.76, 533.14);(571.26, 551.15);(722.29, 551.84);(576.46, 551.67);(853.88, 578.27);(599.03, 583.51);(873.17, 598.11);(606.53, 594.79);(895.55, 543.44);(596.81, 575.07)
3.17;videos/cuts_test/50wtf1.mp4;fallen;(394.42, 510.04);(384.41, 513.24);(384.23, 513.04);(383.94, 512.89);(384.27, 517.66);(384.14, 520.41);(384.0, 523.69);(385.39, 523.72);(385.53, 537.42);(405.7, 510.98);(405.34, 516.45);(439.05, 527.93);(420.67, 552.9);(508.43, 533.63);(468.69, 581.65);(564.13, 536.97);(527.99, 587.64);(582.45, 540.11);(545.58, 597.13);(581.28, 538.43);(545.65, 589.8);(578.3, 541.36);(541.52, 583.77);(593.65, 532.33);(570.75, 550.29);(722.27, 551.82);(576.53, 551.46);(853.84, 578.26);(598.31, 581.05);(873.12, 597.99);(605.93, 592.18);(895.46, 543.43);(596.23, 572.04)
3.21;videos/cuts_test/50wtf1.mp4;fallen;(394.47, 510.01);(384.45, 513.21);(384.29, 513.02);(384.03, 512.89);(384.32, 517.63);(384.19, 520.39);(384.05, 523.67);(385.56, 523.8);(385.59, 537.4);(405.79, 510.87);(405.44, 516.25);(439.11, 527.85);(420.84, 552.82);(508.03, 533.66);(468.71, 581.52);(563.42, 537.09);(527.95, 587.52);(587.55, 544.08);(545.49, 596.98);(580.55, 538.6);(545.53, 589.7);(576.91, 541.33);(541.4, 583.7);(593.01, 531.94);(570.36, 549.7);(722.23, 551.69);(576.36, 550.76);(853.82, 578.24);(597.75, 580.25);(872.99, 597.92);(605.39, 591.38);(895.47, 543.39);(596.07, 571.75)
3.25;videos/cuts_test/50wtf1.mp4;fallen;(394.49, 509.98);(384.48, 513.18);(384.33, 513.0);(384.09, 512.89);(384.35, 517.6);(384.23, 520.37);(384.08, 523.65);(385.67, 523.84);(385.64, 537.38);(405.85, 510.76);(405.49, 516.11);(439.17, 527.78);(420.97, 552.72);(507.55, 533.69);(468.69, 581.03);(560.4, 537.1);(527.91, 587.4);(588.95, 545.03);(545.44, 596.84);(587.15, 541.49);(545.43, 589.72);(575.89, 541.3);(541.29, 583.74);(592.6, 531.67);(570.1, 549.37);(722.24, 551.48);(578.19, 550.65);(853.46, 578.22);(596.59, 580.25);(872.83, 597.94);(603.1, 591.38);(895.44, 543.35);(594.68, 572.35)
3.29;videos/cuts_test/50wtf1.mp4;fallen;(394.54, 509.89);(384.53, 513.17);(384.41, 512.98);(384.2, 512.88);(384.39, 517.57);(384.27, 520.31);(384.12, 523.6);(385.81, 523.85);(385.66, 537.32);(405.96, 510.61);(405.57, 515.94);(439.3, 527.74);(421.03, 552.64);(507.49, 533.77);(468.7, 580.6);(560.5, 537.17);(527.85, 587.34);(589.82, 546.2);(545.37, 596.83);(583.92, 541.38);(545.46, 589.89);(575.46, 541.27);(541.36, 583.9);(592.2, 531.52);(569.38, 549.33);(722.22, 551.37);(579.63, 550.63);(853.06, 578.21);(596.2, 580.39);(872.73, 598.02);(602.24, 591.48);(895.41, 543.33);(575.23, 572.67)
